﻿<?xml version="1.0" encoding="utf-8"?>
<Morceau xmlns:i="http://www.w3.org/2001/XMLSchema-instance" z:Id="1" xmlns:z="http://schemas.microsoft.com/2003/10/Serialization/" xmlns="http://schemas.datacontract.org/2004/07/ex_038_003_DataContract_ObjectReferences">
  <Titre z:Id="2">Bulgarska</Titre>
  <Compositeur z:Id="3">
    <Prénom z:Id="4">Bojan</Prénom>
    <Nom z:Id="5">Z</Nom>
    <Naissance>1968-02-02T00:00:00</Naissance>
    <Instrument z:Id="6">Piano</Instrument>
  </Compositeur>
  <Album z:Id="7">
    <Titre z:Id="8">Duo</Titre>
    <AnnéeDeSortie>2015</AnnéeDeSortie>
    <Artiste1 z:Ref="3" i:nil="true" />
    <Artiste2 z:Id="9">
      <Prénom z:Id="10">Julien</Prénom>
      <Nom z:Id="11">Lourau</Nom>
      <Naissance>1970-01-01T00:00:00</Naissance>
      <Instrument z:Id="12">Saxophone</Instrument>
    </Artiste2>
  </Album>
</Morceau>