﻿<?xml version="1.0" encoding="utf-8"?>
<Morceau xmlns:i="http://www.w3.org/2001/XMLSchema-instance" xmlns="http://schemas.datacontract.org/2004/07/ex_038_003_DataContract_ObjectReferences">
  <Titre>Bulgarska</Titre>
  <Compositeur>
    <Prénom>Bojan</Prénom>
    <Nom>Z</Nom>
    <Naissance>1968-02-02T00:00:00</Naissance>
    <Instrument>Piano</Instrument>
  </Compositeur>
  <Album>
    <Titre>Duo</Titre>
    <AnnéeDeSortie>2015</AnnéeDeSortie>
    <Artiste1>
      <Prénom>Bojan</Prénom>
      <Nom>Z</Nom>
      <Naissance>1968-02-02T00:00:00</Naissance>
      <Instrument>Piano</Instrument>
    </Artiste1>
    <Artiste2>
      <Prénom>Julien</Prénom>
      <Nom>Lourau</Nom>
      <Naissance>1970-01-01T00:00:00</Naissance>
      <Instrument>Saxophone</Instrument>
    </Artiste2>
  </Album>
</Morceau>