﻿<?xml version="1.0" encoding="utf-8"?>
<AnimalList xmlns:i="http://www.w3.org/2001/XMLSchema-instance" xmlns="http://schemas.datacontract.org/2004/07/ex_038_004_DataContract_Collections">
  <unAnimal i:type="Chat">
    <Bruit>Miaou</Bruit>
    <Nom>GrosMinet</Nom>
    <DuréeSieste>PT3H</DuréeSieste>
  </unAnimal>
  <unAnimal i:type="Oiseau">
    <Bruit>Cui Cui</Bruit>
    <Nom>Titi</Nom>
    <TempsDeVol>PT1H</TempsDeVol>
  </unAnimal>
  <unAnimal i:type="Chien">
    <Bruit>Wouf Wouf</Bruit>
    <Nom>Idefix</Nom>
    <NbOsRongés>50</NbOsRongés>
  </unAnimal>
</AnimalList>