<?xml version="1.0"?>
<Ménagerie xmlns:xsi="http://www.w3.org/2001/XMLSchema-instance" xmlns:xsd="http://www.w3.org/2001/XMLSchema">
  <Nom>mon Zoo</Nom>
  <Chats>
    <Chat nom="Isidore">
      <bruit>Miaou</bruit>
      <DuréeSieste />
    </Chat>
    <Chat nom="Garfield">
      <bruit>Miaou</bruit>
      <DuréeSieste />
    </Chat>
    <Chat nom="GrosMinet">
      <bruit>Miaou</bruit>
      <DuréeSieste />
    </Chat>
  </Chats>
  <animaux>
    <chat nom="GrosMinet">
      <bruit>Miaou</bruit>
      <DuréeSieste />
    </chat>
    <oiseau nom="Titi">
      <bruit>Cui Cui</bruit>
      <TempsDeVol />
    </oiseau>
    <chien nom="Idefix">
      <bruit>Wouf Wouf</bruit>
      <NbOsRongés>50</NbOsRongés>
    </chien>
  </animaux>
</Ménagerie>